{
	"adminRecords": [{
		"requirementId": "1",
		"Description": "User is able to login to Application using Try Buy flow",
		"Enabled": false
		
	}, {
		"requirementId": "2",
		"Description": "User is Able to Sign in with SIWI widget",
		"Enabled": false
	}, {
		"requirementId": "3",
		"Description": "Application disappears from the App center after clicking disconnect button",
		"Enabled": false
	}, {
		"requirementId": "4",
		"Description": "App launches from Apps.com when user is not signed in to the App",
		"Enabled": false
	}, {
		"requirementId": "5",
		"Description": "A new Unknown user is able to access the application without executing OAuth",
		"Enabled": false
		
	},{
		"requirementId": "6",
		"Description": "User is able to Launch App from App.com",
		"Enabled": true
	}]
}